City_ID,City,Lat,Lng,Max Temp,Humidity,Cloudiness,Wind Speed,Country,Date
0,richards bay,-28.783,32.0377,18.3,76,100,5.85,ZA,1724867940
1,thompson,55.7435,-97.8558,19.09,52,40,5.14,CA,1724867942
2,pokhara,28.2333,83.9833,21.77,92,74,0.99,NP,1724867944
3,flying fish cove,-10.4217,105.6791,24.82,83,100,5.66,CX,1724867438
4,ilulissat,69.2167,-51.1,6.01,65,75,3.09,GL,1724867653
5,igarka,67.4667,86.5833,11.02,91,79,0.98,RU,1724867947
6,happy valley-goose bay,53.3168,-60.3315,20.17,45,75,8.23,CA,1724867948
7,lethem,3.3803,-59.7968,33.41,45,10,2.46,GY,1724867950
8,grytviken,-54.2811,-36.5092,3.9,87,100,1.39,GS,1724867951
9,ribeira grande,38.5167,-28.7,27.22,57,40,2.24,PT,1724867952
10,pavlodar,52.3,76.95,11.89,100,0,1.0,KZ,1724867953
11,bumba,2.1833,22.4667,22.2,96,84,0.47,CD,1724867954
12,outokumpu,62.7269,29.0159,15.96,72,97,2.34,FI,1724867956
13,puerto natales,-51.7236,-72.4875,4.25,81,100,10.29,CL,1724867957
14,fort bragg,35.139,-79.006,34.85,48,0,3.6,US,1724867958
15,whitehorse,60.7161,-135.0538,12.83,68,75,8.23,CA,1724867741
16,talnakh,69.4865,88.3972,10.88,91,65,2.31,RU,1724867960
17,blackmans bay,-43.0167,147.3167,7.63,81,92,1.79,AU,1724867962
18,sirsa,29.5333,75.0167,28.6,74,84,2.9,IN,1724867963
19,greymouth,-42.4667,171.2,11.76,97,94,5.45,NZ,1724867964
20,saint-francois,46.4154,3.9054,29.69,48,0,2.57,FR,1724867965
21,hirara,24.8,125.2833,28.92,94,40,2.06,JP,1724867966
22,edinburgh of the seven seas,-37.0676,-12.3116,13.72,93,100,16.94,SH,1724867967
23,hobyo,5.3505,48.5268,25.71,85,13,9.94,SO,1724867969
24,tura,25.5198,90.2201,24.62,89,26,1.39,IN,1724867970
25,port-aux-francais,-49.35,70.2167,4.71,95,100,8.94,TF,1724867971
26,luderitz,-26.6481,15.1594,13.71,58,0,14.79,NA,1724867972
27,vadso,70.0744,29.7487,12.09,76,75,0.0,NO,1724867973
28,bilibino,68.0546,166.4372,-0.28,89,100,2.6,RU,1724867975
29,florence,43.7667,11.25,23.94,75,77,1.28,IT,1724867908
30,taltal,-25.4,-70.4833,15.03,70,10,2.53,CL,1724867977
31,west island,-12.1568,96.8225,26.99,74,20,6.69,CC,1724867978
32,chingirlau,51.095,54.0814,20.93,44,1,2.32,KZ,1724867980
33,jamestown,42.097,-79.2353,29.45,64,75,4.12,US,1724867981
34,iqaluit,63.7506,-68.5145,8.85,66,75,12.35,CA,1724867982
35,khilok,51.3674,110.4676,10.87,92,91,1.96,RU,1724867983
36,bethel,41.3712,-73.414,31.96,67,75,3.09,US,1724867977
37,gizo,-8.103,156.8419,26.69,83,41,6.77,SB,1724867986
38,tralee,52.2704,-9.7026,16.14,67,20,6.69,IE,1724867987
39,lubango,-14.9172,13.4925,21.92,40,14,2.06,AO,1724867988
40,invercargill,-46.4,168.35,9.45,96,55,0.89,NZ,1724867989
41,waitangi,-43.9535,-176.5597,11.01,96,13,2.24,NZ,1724867990
42,udachny,66.4167,112.4,7.36,71,98,1.27,RU,1724867992
43,qaqortoq,60.7167,-46.0333,11.19,87,100,3.0,GL,1724867993
44,saint-philippe,-21.3585,55.7679,20.94,71,47,7.34,RE,1724867994
45,belyy yar,53.6039,91.3903,13.94,88,0,2.0,RU,1724867995
46,kingscliff,-28.2667,153.5667,18.89,94,0,3.6,AU,1724867996
47,ilheus,-14.7889,-39.0494,23.9,94,100,6.17,BR,1724867998
48,vanimo,-2.6741,141.3028,25.57,93,55,2.21,PG,1724867999
49,healesville,-37.65,145.5167,9.69,69,97,1.93,AU,1724868000
50,kinablangan,7.6947,126.5503,24.51,88,100,2.44,PH,1724868001
51,cronulla,-34.05,151.15,16.92,49,100,7.2,AU,1724868002
52,afaahiti,-17.75,-149.2833,24.32,84,52,5.53,PF,1724868004
53,sinabang,2.4803,96.3801,25.79,82,97,1.91,ID,1724868005
54,marsabit,2.3284,37.9899,22.25,56,24,9.32,KE,1724868006
55,banjarmasin,-3.3244,114.591,23.07,90,99,0.1,ID,1724868007
56,chipinge,-20.1883,32.6236,20.51,26,0,1.91,ZW,1724868008
57,bonthe,7.5264,-12.505,23.74,94,100,1.67,SL,1724868010
58,veraval,20.9,70.3667,27.55,83,100,11.36,IN,1724868011
59,portland,45.5234,-122.6762,18.68,68,20,2.57,US,1724867465
60,ushuaia,-54.8,-68.3,0.81,100,100,11.83,AR,1724867928
61,colonia menno,-22.3667,-59.8167,32.85,16,7,3.76,PY,1724868014
62,isafjordur,66.0755,-23.124,7.02,87,75,5.14,IS,1724868016
63,basco,20.4487,121.9702,29.6,76,61,6.23,PH,1724868017
64,remire-montjoly,4.9167,-52.2667,33.02,58,20,1.54,GF,1724868018
65,albany,42.6001,-73.9662,28.36,70,88,1.34,US,1724867979
66,suwalki,54.1118,22.9309,19.59,68,2,3.45,PL,1724868020
67,longyearbyen,78.2186,15.6401,7.91,66,0,7.2,SJ,1724868022
68,barah,13.7,30.3667,29.62,60,95,3.37,SD,1724868023
69,stanley,54.868,-1.6985,19.01,75,20,5.66,GB,1724867874
70,anadyr,64.75,177.4833,8.28,87,20,2.0,RU,1724868025
71,port alfred,-33.5906,26.891,11.21,54,13,4.02,ZA,1724868026
72,vilyuysk,63.7553,121.6247,4.32,65,13,2.33,RU,1724868028
73,okhotsk,59.3833,143.3,12.74,83,96,4.09,RU,1724868029
74,kudahuvadhoo,2.6708,72.8944,28.53,74,75,3.14,MV,1724868030
75,dudinka,69.4058,86.1778,10.4,90,34,3.32,RU,1724868031
76,adamstown,-25.066,-130.1015,18.43,66,100,1.54,PN,1724868032
77,ierapetra,35.01,25.7353,28.41,60,14,0.89,GR,1724868034
78,kyren,51.6828,102.1408,12.49,95,94,0.51,RU,1724868035
79,qorveh,35.1664,47.8045,24.99,24,72,4.68,IR,1724868036
80,kodiak,57.79,-152.4072,9.73,87,100,1.54,US,1724867759
81,hasaki,35.7333,140.8333,26.46,85,100,2.49,JP,1724868038
82,new norfolk,-42.7826,147.0587,8.29,97,100,4.57,AU,1724867443
83,papatowai,-46.5619,169.4708,9.71,75,41,6.51,NZ,1724868041
84,inhambane,-23.865,35.3833,25.0,94,20,7.2,MZ,1724868042
85,namie,37.4833,141.0,23.32,94,100,1.78,JP,1724868043
86,yellowknife,62.456,-114.3525,17.45,75,40,3.6,CA,1724868045
87,impfondo,1.6381,18.0667,23.32,87,100,1.03,CG,1724868046
88,carnarvon,-24.8667,113.6333,19.58,77,1,6.22,AU,1724868047
89,olonkinbyen,70.9221,-8.7187,5.27,88,76,4.92,SJ,1724868048
90,tiksi,71.6872,128.8694,1.44,90,74,3.35,RU,1724868051
91,utrik,11.2278,169.8474,28.25,74,62,3.71,MH,1724868052
92,vilyuchinsk,52.9306,158.4028,10.15,87,40,4.68,RU,1724868053
93,claremore,36.3126,-95.6161,35.73,51,0,4.12,US,1724868054
94,rikaze,29.25,88.8833,15.94,46,81,1.96,CN,1724868055
95,hailar,49.2,119.7,15.64,50,100,2.02,CN,1724868057
96,ust-nera,64.5667,143.2,4.27,91,100,2.86,RU,1724868058
97,puerto ayora,-0.7393,-90.3518,20.31,94,79,1.34,EC,1724868059
98,kayangel,8.0823,134.7173,27.84,78,100,2.6,PW,1724868061
99,berlin,52.5244,13.4105,28.88,53,0,3.13,DE,1724867219
100,maintirano,-18.0667,44.0167,24.13,72,4,2.64,MG,1724868063
101,susuman,62.7833,148.1667,1.11,80,98,1.64,RU,1724868065
102,port lincoln,-34.7333,135.8667,12.1,71,68,3.92,AU,1724868066
103,sariveliler,36.6913,32.6196,19.02,69,45,1.53,TR,1724868067
104,prado,-17.3411,-39.2208,24.05,66,73,5.81,BR,1724867993
105,amga,60.8953,131.9608,8.74,98,100,4.85,RU,1724868069
106,hawaiian paradise park,19.5933,-154.9731,24.94,96,19,0.45,US,1724868071
107,suoyarvi,62.0833,32.35,14.52,78,93,2.34,RU,1724868072
108,san patricio,28.017,-97.5169,34.47,42,33,6.76,US,1724868073
109,hermanus,-34.4187,19.2345,8.78,59,91,6.18,ZA,1724867925
110,punta arenas,-53.15,-70.9167,5.06,70,40,15.95,CL,1724867746
111,avarua,-21.2078,-159.775,24.03,78,75,6.69,CK,1724868077
112,huarmey,-10.0681,-78.1522,20.21,71,26,5.23,PE,1724868078
113,onega,63.9061,38.1404,12.8,78,100,4.12,RU,1724868080
114,punto fijo,11.6956,-70.1996,31.88,58,98,6.82,VE,1724868081
115,hotan,37.0997,79.9269,28.53,29,71,4.09,CN,1724868084
116,targuist,34.9377,-4.3186,24.69,63,26,1.92,MA,1724868086
117,wailua homesteads,22.0669,-159.378,24.3,95,22,0.45,US,1724868087
118,ritchie,-29.038,24.6028,7.82,39,0,5.08,ZA,1724868090
119,dingcheng,32.1272,115.0394,23.86,95,100,3.08,CN,1724868092
120,buckeye,33.3703,-112.5838,36.4,28,0,3.09,US,1724868094
121,nema,57.5067,50.5011,14.84,74,6,2.34,RU,1724868095
122,kemi,65.8596,24.8228,14.87,88,0,2.57,FI,1724868097
123,toccoa,34.5773,-83.3324,34.59,42,0,2.57,US,1724868099
124,holualoa,19.6228,-155.9522,24.93,88,0,0.88,US,1724868079
125,chonchi,-42.6128,-73.8092,12.14,62,4,2.64,CL,1724868101
126,nehe,48.4833,124.8333,16.14,60,80,1.64,CN,1724868102
127,parabel',58.6978,81.4825,14.89,88,47,2.25,RU,1724868104
128,st. john's,47.5649,-52.7093,22.86,63,75,11.32,CA,1724868105
129,college,64.8569,-147.8028,11.93,77,100,1.05,US,1724868106
130,itoman,26.1247,127.6694,30.22,86,75,8.23,JP,1724868107
131,ataq,14.5377,46.8319,26.68,60,100,4.11,YE,1724868109
132,suva,-18.1416,178.4415,16.71,100,20,2.06,FJ,1724868110
133,sao simao,-21.4792,-47.5508,30.19,24,21,1.17,BR,1724868111
134,hamilton,39.1834,-84.5333,35.43,50,0,1.34,US,1724867929
135,forster,-32.1667,152.5167,17.3,50,76,6.32,AU,1724868113
136,port elizabeth,-33.918,25.5701,11.16,63,0,11.83,ZA,1724868116
137,orzysz,53.8097,21.9481,24.5,57,0,3.17,PL,1724868117
138,visby,57.6409,18.296,20.12,52,0,3.09,SE,1724868118
139,dock junction,31.2025,-81.5168,33.01,66,40,4.63,US,1724868120
140,tazovsky,67.4667,78.7,11.12,87,32,2.56,RU,1724868121
141,aykhal,66.0,111.5,6.01,86,99,1.64,RU,1724868122
142,al kharj,24.155,47.3346,40.32,12,2,4.42,SA,1724868123
143,colonia,50.9333,6.95,29.36,48,0,1.54,DE,1724868124
144,horqueta,-23.3428,-57.0597,34.67,15,9,3.01,PY,1724868126
145,atafu village,-8.5421,-172.5159,28.17,73,5,7.51,TK,1724868128
146,jaisalmer,26.9147,70.9181,28.2,72,88,5.86,IN,1724868129
147,keflavik,64.0049,-22.5624,11.24,71,75,7.2,IS,1724868130
148,lazaro cardenas,17.9583,-102.2,31.34,62,84,2.84,MX,1724868132
149,la passe,45.5549,-0.8967,21.2,75,63,4.29,FR,1724868133
150,pisco,-13.7,-76.2167,18.03,77,46,4.63,PE,1724868134
151,malango,-2.9627,119.9001,17.47,99,67,0.88,ID,1724868135
152,juan griego,11.0817,-63.9655,37.07,49,6,3.6,VE,1724868137
153,ulladulla,-35.35,150.4667,12.68,46,75,3.18,AU,1724868138
154,kabalo,-6.05,26.9167,31.55,35,57,1.11,CD,1724868139
155,kilkis,40.9919,22.8708,26.17,44,100,2.84,GR,1724868140
156,shatsk,54.0258,41.7119,22.56,54,93,2.93,RU,1724868141
157,princeville,45.7668,-61.2985,23.36,74,75,4.63,CA,1724868143
158,dunedin,-45.8742,170.5036,11.0,69,15,0.89,NZ,1724868144
159,kiunga,-6.1219,141.2906,22.58,95,99,1.03,PG,1724868145
160,fort mcmurray,56.7268,-111.381,18.77,72,75,4.12,CA,1724868032
161,port mathurin,-19.6833,63.4167,21.67,71,41,13.14,MU,1724868147
162,recani,31.2846,-4.2688,39.46,9,3,5.05,MA,1724868149
163,mbuji-mayi,-6.15,23.6,30.93,24,32,2.06,CD,1724868150
164,dampit,-8.2116,112.7493,18.51,88,49,1.6,ID,1724868151
165,kuqa,41.7278,82.9364,27.64,32,77,2.84,CN,1724868018
166,kem',64.9555,34.5793,13.23,82,100,4.09,RU,1724868153
167,aripuana,-9.1667,-60.6333,39.93,14,0,1.46,BR,1724868155
168,karonga,-9.9333,33.9333,24.15,76,15,0.61,MW,1724868165
169,plesetsk,62.708,40.2916,14.05,57,99,1.99,RU,1724868167
170,lorengau,-2.0226,147.2712,28.11,76,63,5.31,PG,1724868168
171,trairi,-3.2778,-39.2689,28.28,60,79,7.27,BR,1724867909
172,kramfors,62.9316,17.7765,16.89,82,37,1.54,SE,1724868170
173,alice springs,-23.7,133.8833,15.75,51,3,0.0,AU,1724868171
174,tumayr,25.7039,45.868,35.58,16,1,5.6,SA,1724868173
175,labrador city,52.9463,-66.9114,9.95,81,75,6.69,CA,1724868174
176,santarem,-2.4431,-54.7083,28.07,78,40,3.6,BR,1724868116
177,pulivendla,14.4167,78.2333,27.75,62,100,9.03,IN,1724868176
178,ambatofinandrahana,-20.55,46.8,12.15,76,0,2.43,MG,1724868178
179,gadzhiyevo,69.2551,33.3362,12.68,65,100,3.75,RU,1724868179
180,abeche,13.8292,20.8324,26.48,71,100,3.68,TD,1724868180
181,porto velho,-8.7619,-63.9039,35.03,26,1,2.06,BR,1724867740
182,san antonio de pale,-1.4014,5.6325,23.38,79,63,4.26,GQ,1724868170
183,kasama,-10.2129,31.1808,23.16,31,54,1.55,ZM,1724868185
184,choibalsan,48.0667,114.5,14.17,83,86,5.78,MN,1724868186
185,bredasdorp,-34.5322,20.0403,5.61,66,76,3.83,ZA,1724868187
186,qalat,32.1058,66.9083,26.87,38,18,3.79,AF,1724868188
187,margate,51.3813,1.3862,24.37,56,81,3.22,GB,1724868045
188,la'ie,21.6477,-157.9253,25.03,89,8,5.03,US,1724868192
189,nosivka,50.9315,31.5828,25.81,33,96,3.34,UA,1724868193
190,east london,-33.0153,27.9116,12.52,40,0,9.26,ZA,1724868195
191,nuku'alofa,-21.1333,-175.2,19.19,100,40,1.03,TO,1724868196
192,la ferte-mace,48.59,-0.358,23.86,45,75,3.24,FR,1724868197
193,acajutla,13.5928,-89.8275,28.98,75,93,3.25,SV,1724868198
194,ad darb,17.7229,42.2526,31.02,72,89,3.94,SA,1724868199
195,puerto gaitan,4.3133,-72.0816,25.86,78,94,3.55,CO,1724868201
196,karuzi,-3.125,30.1333,20.22,60,68,0.94,BI,1724868202
197,pandan,14.0453,124.1694,26.86,85,99,3.82,PH,1724868203
198,touros,-5.1989,-35.4608,27.25,64,44,8.69,BR,1724868204
199,rabo de peixe,37.8,-25.5833,25.73,57,20,5.66,PT,1724868206
200,harlingen,26.1906,-97.6961,33.05,94,75,0.0,US,1724868207
201,constitucion,-35.3333,-72.4167,14.51,56,41,2.69,CL,1724868208
202,mahibadhoo,3.7833,72.9667,28.45,74,100,2.13,MV,1724868210
203,buka,40.8108,69.1986,19.8,36,4,1.98,UZ,1724868211
204,sidney,-33.8679,151.2073,16.61,51,100,7.2,AU,1724867920
205,eno,62.8051,30.1542,14.98,75,99,1.93,FI,1724868214
206,laguna,38.421,-121.4238,31.24,34,0,3.09,US,1724868215
207,aasiaat,68.7098,-52.8699,3.82,81,100,2.11,GL,1724868216
208,naze,28.3667,129.4833,26.51,86,100,6.95,JP,1724868217
209,labytnangi,66.6572,66.4183,13.7,60,48,3.67,RU,1724868218
210,lebu,-37.6167,-73.65,11.02,67,19,8.29,CL,1724867966
211,talladega,33.4359,-86.1058,34.98,39,0,2.06,US,1724868221
212,guangming,45.3333,122.7833,20.44,76,77,3.19,CN,1724868222
213,tres lagoas,-20.7511,-51.6783,33.59,13,5,2.6,BR,1724868223
214,kristiansund,63.1115,7.732,17.36,82,0,1.03,NO,1724868225
215,gaalkacyo,6.7697,47.4308,30.95,46,77,8.56,SO,1724868226
216,quellon,-43.1167,-73.6167,10.1,74,4,4.8,CL,1724868076
217,yeniseysk,58.4497,92.1703,12.44,98,99,1.34,RU,1724868228
218,weinzierl bei krems,48.4,15.6,27.53,74,9,1.92,AT,1724868229
219,laascaanood,8.4774,47.3597,28.7,45,98,10.16,SO,1724868231
220,petropavlovsk-kamchatsky,53.0452,158.6483,9.33,93,0,1.0,RU,1724868232
221,san juan de miraflores,-12.1629,-76.9635,16.29,77,89,4.25,PE,1724868336
222,sisimiut,66.9395,-53.6735,6.01,89,100,5.6,GL,1724868346
223,guerrero negro,27.9769,-114.0611,25.09,57,0,5.7,MX,1724868347
224,san luis de la loma,17.2706,-100.8939,31.1,64,65,3.48,MX,1724868349
225,male,4.1748,73.5089,28.97,84,75,2.57,MV,1724868350
226,ghormach,35.7306,63.7826,24.96,22,0,4.07,AF,1724868352
227,mirny,62.5353,113.9611,6.4,85,100,1.17,RU,1724868353
228,bom jesus da lapa,-13.255,-43.4181,33.54,23,32,6.95,BR,1724868354
229,benalup-casas viejas,36.3239,-5.769,27.72,58,0,3.04,ES,1724868355
230,ungsang-nodongjagu,42.3578,130.4622,15.95,89,55,1.54,KP,1724868357
231,porto novo,6.4965,2.6036,25.9,84,71,3.59,BJ,1724868158
232,ciudad lazaro cardenas,17.9583,-102.2,31.34,62,84,2.84,MX,1724868132
233,soure,-0.7167,-48.5233,30.31,61,41,5.51,BR,1724868361
234,saipan,15.1355,145.701,29.39,84,75,4.12,MP,1724868362
235,blackwater,-23.5833,148.8833,17.16,84,55,2.25,AU,1724868363
236,charlotte amalie,18.3419,-64.9307,31.85,70,40,4.12,VI,1724868330
237,baiyin,36.5583,104.2081,23.47,65,64,3.22,CN,1724868103
238,sitka,57.0531,-135.33,14.94,88,100,6.17,US,1724868367
239,tlahualilo de zaragoza,26.1167,-103.45,30.56,35,28,1.19,MX,1724868368
240,el calafate,-50.3408,-72.2768,5.43,64,39,2.29,AR,1724868369
241,port saint john's,-31.6229,29.5448,14.93,48,2,3.6,ZA,1724868372
242,tamanrasset,22.785,5.5228,28.95,34,40,5.66,DZ,1724868373
243,formosa do rio preto,-11.0483,-45.1931,33.72,14,5,5.26,BR,1724868374
244,cumberland,35.0502,-78.8664,35.28,50,0,3.09,US,1724868375
245,santiago de chuco,-8.15,-78.1833,19.14,29,11,5.2,PE,1724868376
246,lensk,60.7253,114.9278,9.11,99,100,2.08,RU,1724868378
247,revda,56.801,59.9303,18.34,86,90,5.4,RU,1724868379
248,dwarka,22.2394,68.9678,26.6,95,100,19.27,IN,1724868380
249,merizo village,13.2658,144.6691,27.99,91,82,6.14,GU,1724868381
250,chaman,30.9236,66.4512,31.06,35,89,6.39,PK,1724868209
251,palmer,42.1584,-72.3287,31.36,52,75,6.17,US,1724868271
252,antsiranana,-12.2787,49.2917,22.74,81,6,9.94,MG,1724868386
253,shimoda,34.6667,138.95,25.42,88,100,1.19,JP,1724868387
254,bubaque,11.2833,-15.8333,25.46,85,100,4.86,GW,1724868388
255,queenstown,-31.8976,26.8753,5.41,39,11,5.56,ZA,1724868390
256,port lavaca,28.615,-96.6261,33.36,72,75,2.57,US,1724868391
257,tazacorte,28.629,-17.9293,24.53,81,40,6.69,ES,1724868392
258,calilegua,-23.7737,-64.77,25.58,22,58,2.98,AR,1724868393
259,castillos,-34.1667,-53.8333,14.78,57,36,4.25,UY,1724868396
260,priozersk,61.0393,30.1291,17.75,82,95,3.73,RU,1724868397
261,yemetsk,63.4721,41.7941,12.7,58,79,1.94,RU,1724868398
262,haiku-pauwela,20.9219,-156.3051,23.91,92,12,0.45,US,1724868399
263,mirpur sakro,24.5474,67.6277,26.47,86,100,9.66,PK,1724868400
264,ketchikan,55.3422,-131.6461,12.65,100,100,7.2,US,1724868402
265,vorgashor,67.5833,63.95,10.75,80,95,3.98,RU,1724868403
266,port hedland,-20.3167,118.5667,22.03,46,21,4.63,AU,1724868404
267,hassi messaoud,31.6804,6.0729,36.36,19,0,3.5,DZ,1724868405
268,linden,6.0,-58.3,33.06,48,63,2.41,GY,1724868408
269,conception bay south,47.4999,-52.9981,23.91,71,44,7.83,CA,1724868409
270,kununurra,-15.7667,128.7333,20.99,60,49,2.06,AU,1724868268
271,atbasar,51.8,68.3333,14.23,67,19,1.25,KZ,1724868411
272,sho'rchi,38.0141,67.7899,26.69,18,0,5.15,UZ,1724868412
273,nemuro,43.3236,145.575,17.28,100,100,1.57,JP,1724868289
274,reggane,26.7158,0.1714,42.48,11,10,2.04,DZ,1724868416
275,constantia,44.1833,28.65,21.5,70,62,2.61,RO,1724868245
276,badger,64.8,-147.5333,11.93,85,40,1.54,US,1724868317
277,hithadhoo,-0.6,73.0833,28.47,76,97,4.65,MV,1724868420
278,chavusy,53.8075,30.9712,24.16,63,35,4.66,BY,1724868421
279,wajir,1.7471,40.0573,28.87,57,73,8.21,KE,1724868422
280,itaguacu,-19.8019,-40.8556,28.73,34,12,3.67,BR,1724868412
281,camacupa,-12.0167,17.4833,21.9,15,15,2.41,AO,1724868424
282,broken hill,-31.95,141.4333,9.19,67,0,2.93,AU,1724868426
283,barth,54.3635,12.7249,20.76,71,0,6.54,DE,1724868427
284,waycross,31.2136,-82.354,33.27,55,40,1.54,US,1724868428
285,zhenzhou,32.2692,119.1789,26.05,97,2,2.58,CN,1724868429
286,jackson,42.4165,-122.8345,21.7,52,0,0.45,US,1724868144
287,garagoa,5.0824,-73.3633,19.4,83,88,1.5,CO,1724868432
288,margaret river,-33.95,115.0667,16.77,93,100,12.34,AU,1724868433
289,mournies,35.4764,24.0092,38.04,78,0,2.57,GR,1724868434
290,cockburn town,21.4612,-71.1419,28.75,75,8,7.08,TC,1724868435
291,rawson,-43.3002,-65.1023,18.16,20,0,7.72,AR,1724868436
292,urangan,-25.3,152.9,20.1,88,1,6.11,AU,1724868437
293,salair,54.2312,85.7972,9.92,91,19,0.26,RU,1724868439
294,kuanda,56.3161,116.0806,11.16,75,87,0.42,RU,1724868440
295,fale old settlement,-9.3852,-171.2468,28.01,73,0,7.05,TK,1724868416
296,crucecita,-28.95,-58.9833,23.31,39,14,4.2,AR,1724868442
297,kingston,17.997,-76.7936,34.53,55,64,2.76,JM,1724868443
298,terenozek,45.05,64.9833,20.31,40,13,5.57,KZ,1724868445
299,roma,43.2128,-75.4557,25.21,78,83,0.89,US,1724868364
300,as sulayyil,20.4607,45.5779,37.64,10,57,4.25,SA,1724868447
301,krasnokamensk,50.0979,118.0369,16.73,43,100,1.48,RU,1724868448
302,barcelos,41.5388,-8.6151,20.56,83,98,3.04,PT,1724868449
303,klyuchi,52.2667,79.1667,14.32,78,24,0.96,RU,1724868451
304,asau,46.4333,26.4,21.21,55,87,2.71,RO,1724868452
305,kodinsk,58.6881,99.1844,8.8,92,86,0.66,RU,1724868453
306,nar'yan-mar,67.6713,53.087,10.81,83,76,8.47,RU,1724868454
307,taoudenni,22.6783,-3.9836,44.81,9,23,3.29,ML,1724868455
308,zaraza,9.3503,-65.3245,30.53,60,56,2.51,VE,1724868457
309,villa ocampo,-28.4875,-59.3551,23.5,39,30,3.67,AR,1724868458
310,walvis bay,-22.9575,14.5053,13.57,67,0,9.94,NA,1724868459
311,severo-yeniseyskiy,60.3725,93.0408,8.65,81,25,1.27,RU,1724868460
312,yuzhno-kurilsk,44.0306,145.8556,17.81,96,100,1.27,RU,1724868463
313,belfast,54.5833,-5.9333,17.99,70,40,3.6,GB,1724868231
314,waimea,20.0231,-155.6717,21.37,97,16,1.79,US,1724868465
315,itamaraca,-7.7478,-34.8256,26.22,68,68,6.42,BR,1724868466
316,altamont,42.2068,-121.7372,19.88,48,0,2.06,US,1724868469
317,luganville,-15.5333,167.1667,23.32,77,74,5.37,VU,1724868470
318,grand baie,-20.0182,57.5802,21.92,76,52,3.13,MU,1724868444
319,lompoc,34.6391,-120.4579,24.83,83,0,2.57,US,1724868377
320,miracema do tocantins,-9.5618,-48.3967,38.4,14,66,4.54,BR,1724868473
321,machico,32.7,-16.7667,25.35,61,40,2.57,PT,1724868474
322,nongstoin,25.5167,91.2667,20.19,97,73,0.7,IN,1724868476
323,callao,-12.0667,-77.15,17.16,72,100,3.09,PE,1724868475
324,conde,-7.2597,-34.9075,27.7,61,75,9.77,BR,1724868231
325,baskale,38.0453,44.0172,16.93,42,57,2.04,TR,1724868479
326,booue,-0.0921,11.9385,28.15,57,87,2.09,GA,1724868481
327,ponta delgada,37.7333,-25.6667,26.4,57,20,5.66,PT,1724868482
328,okondja,-0.6549,13.6753,29.85,47,87,2.16,GA,1724868483
329,yaita,36.8,139.9333,22.87,98,100,0.54,JP,1724868484
330,pundong,-7.9522,110.3486,22.27,93,100,0.24,ID,1724868485
331,mattoon,39.4831,-88.3728,25.97,78,75,3.09,US,1724868487
332,kuching,1.55,110.3333,24.12,98,40,3.6,MY,1724868488
333,arfoud,31.4348,-4.2375,39.02,10,2,4.72,MA,1724868489
334,ciudad acuna,29.3232,-100.9522,31.32,59,40,3.13,MX,1724868490
335,lihue,21.9789,-159.3672,26.77,74,0,4.63,US,1724868491
336,port blair,11.6667,92.75,27.28,81,100,10.0,IN,1724868493
337,katsuura,35.1333,140.3,26.07,86,100,3.21,JP,1724868494
338,mawlaik,23.6333,94.4167,24.29,92,23,0.18,MM,1724868495
339,northam,51.0333,-4.2167,17.01,88,47,5.73,GB,1724868496
340,al jawf,29.5,38.75,31.6,17,5,4.43,SA,1724868497
341,cafayate,-26.073,-65.9761,22.06,16,0,6.08,AR,1724868498
342,pangai,-19.8,-174.35,22.6,75,52,5.65,TO,1724868431
343,pointe michel,15.25,-61.3833,29.03,78,99,5.73,DM,1724868501
344,manicore,-5.8092,-61.3003,40.37,15,0,2.2,BR,1724868502
345,laojunmiao,39.8333,97.7333,20.99,44,0,3.47,CN,1724868503
346,al buraymi,24.2509,55.7931,37.68,23,0,4.12,OM,1724868504
347,chibougamau,49.9168,-74.3659,10.79,66,100,5.66,CA,1724868506
348,sao martinho,39.5144,-9.1311,19.69,92,76,1.79,PT,1724868507
349,niquelandia,-14.4739,-48.4597,32.75,21,1,4.68,BR,1724868508
350,progreso,21.2833,-89.6667,29.42,88,93,5.59,MX,1724868509
351,cidreira,-30.1811,-50.2056,15.49,75,11,5.64,BR,1724868510
352,kill devil hills,36.0307,-75.676,32.01,51,0,1.54,US,1724868512
353,jiuquan,39.7432,98.5174,24.83,31,35,0.04,CN,1724868513
354,ancud,-41.8697,-73.8203,10.98,60,1,2.24,CL,1724868514
355,ugoofaaru,5.6667,73.0,28.28,77,97,2.86,MV,1724868515
356,iskateley,67.6803,53.1512,10.84,82,77,8.4,RU,1724868516
357,rakvere,59.3464,26.3558,14.76,87,66,0.57,EE,1724868518
358,faridpur,23.6,89.8333,27.13,85,9,2.5,BD,1724868519
359,kabo,7.6994,18.629,22.41,96,100,1.98,CF,1724868520
360,megion,61.0296,76.1136,15.01,92,87,4.17,RU,1724868521
361,praia,14.9215,-23.5087,29.3,70,75,4.63,CV,1724868522
362,menongue,-14.6585,17.691,19.72,12,23,2.06,AO,1724868524
363,kapa'a,22.0752,-159.319,27.18,82,0,4.63,US,1724868525
364,georgetown,5.4112,100.3354,26.96,87,40,2.68,MY,1724868369
365,kuragino,53.8975,92.6725,12.06,89,40,1.01,RU,1724868527
366,arkhangel'sk,64.5401,40.5433,13.06,76,20,2.0,RU,1724868528
367,qarazhal,48.0078,70.7903,17.9,41,46,7.43,KZ,1724868529
368,myeik,12.4333,98.6,26.44,87,100,7.64,MM,1724868531
369,kitui,-1.367,38.0106,21.13,71,85,4.49,KE,1724868532
370,zalingei,12.9096,23.4741,23.52,80,99,3.44,SD,1724868533
371,sarina,-21.4333,149.2167,19.04,1,32,1.0,AU,1724868534
372,pampa del indio,-26.0647,-59.919,27.04,25,79,1.98,AR,1724868535
373,vila velha,-20.3297,-40.2925,22.97,78,40,3.6,BR,1724868537
374,zhangjiagang,31.865,120.5389,25.54,92,0,2.61,CN,1724868538
375,sabang,5.8933,95.3214,28.77,74,100,9.51,ID,1724868539
376,enewetak,11.3474,162.3373,28.66,75,99,4.73,MH,1724868540
377,fortuna,40.5982,-124.1573,19.51,77,0,0.0,US,1724868541
378,aguilas,37.4063,-1.5829,27.65,64,11,2.79,ES,1724868543
379,maitum,6.0392,124.4986,25.75,86,93,1.81,PH,1724868545
380,san juan bautista,-14.0108,-75.7358,28.45,28,51,3.61,PE,1724868546
381,hede,33.7681,120.2517,24.78,96,0,2.59,CN,1724868547
382,tocopilla,-22.092,-70.1979,17.66,71,7,4.18,CL,1724868548
383,boma,11.7117,4.2472,26.67,83,88,3.12,NG,1724868550
384,barabai,-2.5833,115.3833,22.07,94,77,0.68,ID,1724868551
385,kirensk,57.7853,108.1119,10.85,98,84,1.44,RU,1724868552
386,uturoa,-16.7333,-151.4333,26.85,76,85,5.1,PF,1724868537
387,bengkulu,-3.8004,102.2655,24.63,88,100,3.87,ID,1724868554
388,nova sintra,14.8667,-24.7167,27.23,76,62,2.74,CV,1724868555
389,toliara,-23.35,43.6667,22.48,82,0,1.81,MG,1724868557
390,cole harbour,44.6724,-63.4751,18.31,94,100,5.14,CA,1724868558
391,djamaa,33.5339,5.9931,34.08,22,27,2.36,DZ,1724868559
392,arauca,7.0847,-70.7591,22.0,100,100,1.54,CO,1724868483
393,vakarai,55.6035,23.8213,16.1,69,6,3.02,LT,1724868561
394,mount isa,-20.7333,139.5,11.87,62,100,0.51,AU,1724868563
395,nikolayevsk-on-amure,53.1406,140.73,16.17,94,53,1.9,RU,1724868564
396,chiredzi,-21.05,31.6667,26.27,13,0,2.24,ZW,1724868565
397,hovd,48.0056,91.6419,17.54,32,12,0.82,MN,1724868567
398,longboat key,27.4125,-82.659,34.51,58,40,2.06,US,1724868548
399,inderbor,48.55,51.7833,24.94,26,0,3.78,KZ,1724868569
400,chernolesskoye,44.7156,43.7133,24.19,51,33,7.45,RU,1724868570
401,pindushi,62.9152,34.58,15.46,71,100,2.3,RU,1724868571
402,khuzdar,27.7384,66.6434,24.2,72,100,1.74,PK,1724868573
403,burabay,53.0838,70.3138,13.15,72,12,1.99,KZ,1724868574
404,nguigmi,14.2495,13.1092,33.82,42,86,3.33,NE,1724868575
405,metsemotlhaba,-24.5514,25.8031,20.61,10,0,4.11,BW,1724868576
406,miasskoye,55.2784,61.8905,19.49,82,84,5.1,RU,1724868577
407,tsiombe,-25.3,45.4833,22.11,68,0,1.77,MG,1724868580
408,brookings,44.3114,-96.7984,26.92,74,0,6.17,US,1724868331
409,choix,26.7092,-108.3219,34.89,38,0,1.93,MX,1724868582
410,sola,-13.8833,167.55,25.4,65,100,9.64,VU,1724868583
411,horta,38.5333,-28.6333,26.8,72,40,2.68,PT,1724868585
412,akrehamn,59.2667,5.1833,19.14,68,40,5.66,NO,1724868586
413,tolanaro,-25.0319,46.9987,21.43,76,0,7.72,MG,1724868587
414,coquimbo,-29.9533,-71.3436,13.32,73,100,3.6,CL,1724868588
415,thunder bay,48.4001,-89.3168,15.76,70,100,4.19,CA,1724868505
416,masterton,-40.9597,175.6575,10.65,77,83,3.68,NZ,1724868591
417,rosario do sul,-30.2583,-54.9142,19.13,63,20,5.45,BR,1724868592
418,vrede,-27.4257,29.1659,11.34,18,0,2.49,ZA,1724868594
419,luwuk,-0.9516,122.7875,20.81,87,81,2.17,ID,1724868595
420,namdrik,5.5994,168.1028,28.58,71,100,4.66,MH,1724868597
421,gulf shores,30.246,-87.7008,32.97,72,75,3.6,US,1724868598
422,isangel,-19.55,169.2667,21.44,73,24,4.74,VU,1724868468
423,camana,-16.6228,-72.7111,16.7,81,53,4.26,PE,1724868600
424,tosontsengel,48.7567,98.2839,9.59,50,5,1.17,MN,1724868601
425,solnechnyy,50.7214,136.6319,15.94,97,99,2.17,RU,1724868603
426,nieuw amsterdam,5.8833,-55.0833,26.22,82,61,4.49,SR,1724868604
427,domna,51.8971,113.1573,12.09,71,89,1.0,RU,1724868605
428,burang,30.25,81.1667,10.5,76,99,2.22,CN,1724868606
429,san rafael del yuma,18.4299,-68.6739,34.11,54,17,5.98,DO,1724868607
430,i-n-salah,27.1935,2.4607,40.72,12,14,3.17,DZ,1724868609
431,kapuskasing,49.4169,-82.4331,15.22,39,100,2.33,CA,1724868610
432,balakhta,55.38,91.6,9.93,94,74,1.41,RU,1724868611
433,pangkalpinang,-2.1333,106.1333,25.97,85,100,1.93,ID,1724868612
434,ola,59.5833,151.2833,6.75,64,25,4.52,RU,1724868593
435,noosa heads,-26.3833,153.15,18.02,88,5,5.32,AU,1724868616
436,greenville,35.6127,-77.3663,34.51,52,0,3.09,US,1724868594
437,tidjikja,18.5564,-11.4271,41.55,12,89,7.07,MR,1724868618
438,praia da vitoria,38.7333,-27.0667,25.98,75,63,2.46,PT,1724868619
439,mangrol,21.1167,70.1167,27.85,80,100,11.03,IN,1724868620
440,alofi,-19.0595,-169.9187,17.94,94,20,2.06,NU,1724868621
441,villa gesell,-37.2639,-56.973,11.79,72,41,6.08,AR,1724868623
442,kilindoni,-7.9139,39.6668,25.28,79,11,5.25,TZ,1724868624
443,vila franca do campo,37.7167,-25.4333,26.23,57,51,2.25,PT,1724868625
444,belmonte,-15.8631,-38.8828,24.28,71,68,7.21,BR,1724868626
445,chiang klang,19.2938,100.8617,22.63,99,63,0.55,TH,1724868627
446,dryden,49.7833,-92.7503,21.71,39,2,3.38,CA,1724868629
447,letlhakeng,-24.0944,25.0298,16.99,14,0,4.92,BW,1724868630
448,cloverdale,38.8055,-123.0172,34.73,33,0,2.72,US,1724868631
449,puerto pilon,9.3644,-79.7933,31.38,66,28,3.52,PA,1724868632
450,kasongo-lunda,-6.4667,16.8167,28.94,27,14,0.87,CD,1724868633
451,tofol,5.3248,163.0078,28.89,73,96,5.29,FM,1724868635
452,calama,-22.4667,-68.9333,22.27,10,0,9.26,CL,1724868636
453,metlili chaamba,32.2667,3.6333,34.35,19,2,4.89,DZ,1724868637
454,mangai,-4.05,19.5333,28.58,40,64,1.3,CD,1724868638
455,campina verde,-19.5356,-49.4864,35.46,13,0,1.04,BR,1724868639
456,coahuayana de hidalgo,18.7,-103.6583,30.98,70,52,1.51,MX,1724868641
457,longgang,37.6508,120.3286,23.32,80,47,1.36,CN,1724868642
458,palu,-0.8917,119.8707,24.28,98,92,1.39,ID,1724868643
459,codrington,-38.2667,141.9667,8.35,85,93,5.22,AU,1724868644
460,mil'kovo,55.6078,37.7956,23.52,61,49,3.73,RU,1724868645
461,thornton,39.868,-104.9719,31.79,23,20,5.14,US,1724868647
462,orsa,54.5153,30.4053,20.94,70,50,4.79,BY,1724868648
463,cody,44.5263,-109.0565,14.12,47,0,7.72,US,1724868649
464,madalena,41.2162,-8.3345,23.75,79,75,2.96,PT,1724868650
465,ulsteinvik,62.3432,5.8487,17.26,79,97,1.79,NO,1724868651
466,oranjemund,-28.55,16.4333,11.79,70,1,10.33,NA,1724868653
467,mount pearl,47.5166,-52.7813,23.58,68,33,5.81,CA,1724868654
468,ta`u,-14.2336,-169.5144,25.7,82,29,4.8,AS,1724868655
469,kilju,40.9642,129.3278,17.72,90,3,0.92,KP,1724868553
470,razole,16.4833,81.8333,25.4,91,100,0.95,IN,1724868552
471,torres,-29.3353,-49.7269,16.65,66,20,4.77,BR,1724868658
472,monopoli,40.9559,17.2896,27.09,71,11,3.09,IT,1724868660
473,kourou,5.1552,-52.6478,28.97,70,47,2.9,GF,1724868661
474,dawei,14.0833,98.2,24.82,94,100,2.46,MM,1724868662
475,chuchar-kana mandi,31.75,73.8,26.1,71,96,2.53,PK,1724868663
476,usogorsk,63.4106,48.6872,12.91,58,71,3.41,RU,1724868664
477,muleshoe,34.2265,-102.7238,30.88,30,0,2.6,US,1724868666
478,sao felix do xingu,-6.6447,-51.995,40.12,15,15,1.94,BR,1724868667
479,port augusta,-32.5,137.7667,7.87,83,0,1.3,AU,1724868668
480,koungou,-12.7336,45.2042,24.84,73,0,1.54,YT,1724868669
481,darien,41.752,-87.974,29.13,72,75,5.14,US,1724867937
482,thanh hoa,19.8,105.7667,26.44,90,55,1.4,VN,1724868672
483,peniche,39.3558,-9.3811,19.69,94,95,4.89,PT,1724868673
484,tasqala,51.1167,50.3167,22.38,33,6,0.87,KZ,1724868674
485,puerto deseado,-47.7503,-65.8938,10.54,34,68,11.8,AR,1724868675
486,harper,4.375,-7.7169,24.0,90,100,5.18,LR,1724868554
487,vidalia,32.2177,-82.4135,32.97,52,0,0.0,US,1724868516
488,tianpeng,30.9866,103.9393,26.11,83,97,1.56,CN,1724868679
489,valparaiso,-33.0393,-71.6273,15.0,80,100,2.06,CL,1724868586
490,nuuk,64.1835,-51.7216,7.34,93,100,10.29,GL,1724868417
491,arraial do cabo,-22.9661,-42.0278,22.92,56,0,6.69,BR,1724868503
492,smithers,54.7804,-127.1743,16.41,50,21,0.48,CA,1724868528
493,cannonvale,-20.2833,148.7,20.66,92,13,2.78,AU,1724868686
494,zhangatas,43.5667,69.75,18.72,49,18,2.17,KZ,1724868687
495,daru,-9.0763,143.2092,25.29,74,45,5.98,PG,1724868613
496,akureyri,65.6835,-18.0878,6.96,93,100,5.14,IS,1724868690
497,lerwick,60.1545,-1.1494,13.78,89,42,9.14,GB,1724868691
498,hadibu,12.65,54.0333,26.79,78,84,7.59,YE,1724868692
499,petukhovo,55.0692,67.9019,15.87,85,61,3.71,RU,1724868693
500,namibe,-15.1961,12.1522,18.49,83,70,3.12,AO,1724868694
501,tobruk,32.0836,23.9764,27.69,68,0,4.13,LY,1724868696
502,kerikeri,-35.2268,173.9474,12.73,94,100,2.73,NZ,1724868697
503,mitchell,43.7094,-98.0298,28.99,65,0,6.69,US,1724868698
504,sindi,20.8,78.8667,25.53,81,97,2.01,IN,1724868699
505,bandar lampung,-5.4254,105.258,22.9,92,97,1.81,ID,1724868701
506,saint-pierre,-21.3393,55.4781,18.82,77,0,2.06,RE,1724868702
507,fada,7.25,4.0667,24.11,91,98,2.07,NG,1724868703
508,tortoli,39.9256,9.6572,26.1,60,50,1.85,IT,1724868705
509,boende,-0.2167,20.8667,22.97,93,96,1.97,CD,1724868707
510,bharatpur,27.2167,77.4833,28.44,73,96,2.81,IN,1724868708
511,grand-lahou,5.1367,-5.0242,23.65,92,98,3.87,CI,1724868709
512,lagos,6.5833,3.75,24.74,88,68,2.52,NG,1724868526
513,gadani,25.1185,66.7299,26.92,90,100,5.18,PK,1724868711
514,chodov,50.2402,12.7455,24.18,64,0,2.06,CZ,1724868713
515,ust'-ilimsk,58.0006,102.6619,8.26,98,84,1.1,RU,1724868714
516,rio grande,-32.035,-52.0986,14.32,70,0,4.7,BR,1724868715
517,pathein,16.7833,94.7333,25.14,94,99,2.24,MM,1724868716
518,verkhnedneprovskiy,54.9813,33.3457,18.83,83,9,3.49,RU,1724868727
519,christchurch,-43.5333,172.6333,16.29,52,82,6.17,NZ,1724868256
520,el granada,37.5027,-122.4694,26.12,67,0,3.6,US,1724868730
521,lundazi,-12.2929,33.1782,23.36,48,70,3.42,ZM,1724868732
522,plaza huincul,-38.926,-69.2086,14.52,10,2,3.13,AR,1724868733
523,awjilah,29.1081,21.2869,36.15,21,2,3.26,LY,1724868735
524,chu,43.5983,73.7614,18.88,62,100,3.39,KZ,1724868736
525,timimoun,29.2639,0.231,41.78,13,22,6.67,DZ,1724868738
526,aquin,18.2833,-73.4,28.81,76,43,2.29,HT,1724868739
527,ca mau,9.1769,105.15,25.7,90,90,3.6,VN,1724868740
528,aykol,38.1751,77.2132,24.94,41,99,3.11,CN,1724868741
529,huilong,31.8111,121.655,26.93,86,0,5.08,CN,1724868742
530,fitzgerald,31.7149,-83.2526,34.2,58,0,2.57,US,1724868744
531,zeya,53.75,127.2667,9.34,94,18,1.38,RU,1724868745
532,tangalle,6.024,80.7911,25.84,86,100,4.3,LK,1724868746
533,rossosh',51.1209,38.5116,22.95,29,100,2.9,RU,1724868747
534,beledweyne,4.7358,45.2036,29.47,55,56,9.15,SO,1724868748
535,mana,5.6592,-53.7767,29.52,65,54,0.69,GF,1724868749
536,saint-leu,-21.15,55.2833,18.48,87,59,1.92,RE,1724868751
537,boguchany,58.3814,97.4531,12.36,95,96,0.59,RU,1724868752
538,bandon,51.7469,-8.7425,16.77,73,7,5.84,IE,1724868753
539,nyurba,63.2842,118.3319,9.3,59,100,1.78,RU,1724868754
540,mpwapwa,-6.35,36.4833,20.9,74,43,2.66,TZ,1724868755
541,mont-dore,-22.2833,166.5833,16.77,87,7,2.95,NC,1724868757
542,page,36.9147,-111.4558,30.88,17,0,2.06,US,1724868758
543,coxen hole,16.3244,-86.5366,31.6,70,20,5.14,HN,1724868759
544,al ghayzah,16.2079,52.176,25.47,88,79,4.69,YE,1724868760
545,thurso,58.5927,-3.5259,15.14,91,68,8.57,GB,1724868761
546,tucuma,-0.1833,-50.05,29.62,68,36,4.77,BR,1724868695
547,akdepe,42.0551,59.3788,20.09,44,0,5.79,TM,1724868764
548,banda aceh,5.5577,95.3222,26.51,73,100,6.35,ID,1724868765
549,imperatriz,-5.5264,-47.4917,39.16,14,66,4.03,BR,1724868766
550,north bend,43.4065,-124.2243,21.8,44,1,5.56,US,1724868767
551,vitry-le-francois,48.7333,4.5833,29.23,57,4,2.24,FR,1724868768
552,aqsay,51.1678,52.995,22.05,36,2,1.8,KZ,1724868770
553,san julian,21.0167,-102.1667,22.3,55,71,2.08,MX,1724868677
554,caister-on-sea,52.6481,1.7265,21.63,69,75,3.76,GB,1724868772
555,nanzhang chengguanzhen,31.7839,111.8275,23.71,78,92,1.93,CN,1724868773
556,adre,13.4667,22.2,23.7,84,100,2.99,TD,1724868774
557,vorkuta,67.5,64.0,11.35,78,98,4.25,RU,1724868776
558,hami,42.8,93.45,31.1,23,21,4.4,CN,1724868777
559,las palmas,28.4204,-14.0131,24.44,57,20,8.75,ES,1724868779
560,palikir - national government center,6.9248,158.1611,27.77,76,100,4.5,FM,1724868780
561,pizarro,4.9533,-77.366,28.97,74,27,3.55,CO,1724868782
562,pushkinskiye gory,57.0209,28.9103,15.08,78,62,0.9,RU,1724868783
563,quepos,9.4236,-84.1652,29.29,74,11,3.01,CR,1724868784
564,sao joao da barra,-21.6403,-41.0511,25.05,64,46,5.15,BR,1724868785
565,nouadhibou,20.931,-17.0347,27.99,57,58,8.23,MR,1724868787
566,buala,-8.145,159.5921,25.89,86,53,3.32,SB,1724868788
567,pak phanang,8.3511,100.202,25.3,85,100,2.22,TH,1724868789
568,mermoz boabab,14.7065,-17.4758,29.88,79,40,6.17,SN,1724868790
569,santa cruz,-17.8,-63.1667,30.7,24,8,2.57,BO,1724868535
570,ghadamis,30.1337,9.5007,34.54,15,0,5.99,LY,1724868793
571,chernyshevskiy,63.0128,112.4714,7.5,84,100,0.97,RU,1724868734
572,mahajanga,-15.7167,46.3167,26.01,44,0,5.66,MG,1724868795
573,tutoia,-2.7619,-42.2744,27.91,68,55,7.0,BR,1724868796
574,yemva,62.59,50.8594,14.11,59,63,3.01,RU,1724868797
575,fuglafjordur,62.244,-6.814,11.14,84,99,4.96,FO,1724868798
576,xapuri,-10.6517,-68.5044,39.63,18,1,0.09,BR,1724868800
577,wawa,9.9022,4.4192,25.37,85,64,1.39,NG,1724868801
578,island harbour,50.724,-1.2758,23.04,69,99,1.34,GB,1724868802
579,punta del este,-34.9667,-54.95,17.06,90,0,6.17,UY,1724868803
580,kenai,60.5544,-151.2583,10.08,100,100,0.0,US,1724868804
581,sur,22.5667,59.5289,32.73,51,43,3.15,OM,1724868806
582,port macquarie,-31.4333,152.9167,17.05,58,44,4.29,AU,1724868807
583,flin flon,54.7682,-101.865,20.91,60,75,3.09,CA,1724868808
584,aswan,24.0934,32.907,39.63,17,58,3.89,EG,1724868809
585,douglas,41.3,-96.167,31.82,62,0,4.63,US,1724868810
586,berdigestyakh,62.0989,126.6992,6.46,86,100,1.51,RU,1724868812
587,olomouc,49.5955,17.2518,27.45,68,13,3.68,CZ,1724868813
